[
  {
    "requestId": "BK-2024-001",
    "createdByStaffId": "STAFF_HAN",
    "createdByRole": "Staff",
    "reason": "Khách bận việc đột xuất, báo hủy trước 48h theo quy định",
    "status": "PENDING",
    "refundAmount": 4500000.0,
    "penaltyAmount": 500000.0,
    "createdAt": "2024-06-15",
    "processedByStaffId": null,
    "managerNote": null
  },
  {
    "requestId": "BK-2024-088",
    "createdByStaffId": "STAFF_TUAN",
    "createdByRole": "Staff",
    "reason": "Hủy tour do bão số 3, hoàn 100% cho khách hàng",
    "status": "APPROVED",
    "refundAmount": 8000000.0,
    "penaltyAmount": 0.0,
    "createdAt": "2024-06-15",
    "processedByStaffId": "MGR001",
    "managerNote": "Đã duyệt do lý do bất khả kháng"
  },
  {
    "requestId": "BK-2024-099",
    "createdByStaffId": "STAFF_LINH",
    "createdByRole": "Staff",
    "reason": "Khách muốn hủy vé giờ chót không lý do chính đáng",
    "status": "REJECTED",
    "refundAmount": 0.0,
    "penaltyAmount": 2000000.0,
    "createdAt": "2024-06-10",
    "processedByStaffId": "MGR001",
    "managerNote": "Từ chối vì hủy sau thời gian quy định (non-refundable)"
  }
]