[
  {
    "tourID": "T001",
    "description": "Khám phá thị trấn sương mù Sapa, chinh phục đỉnh Fansipan hùng vĩ và bản Cát Cát.",
    "departurePoint": "Hà Nội",
    "pricePerPerson": 3500000.0,
    "maxPeople": 30,
    "bookedPeople": 0,
    "startDate": "2026-06-15",
    "endDate": "2026-06-18",
    "status": "Chưa khởi hành"
  },
  {
    "tourID": "T002",
    "description": "Hành trình di sản miền Trung: Phố cổ Hội An - Bà Nà Hills - Cầu Rồng Đà Nẵng.",
    "departurePoint": "TP. Hồ Chí Minh",
    "pricePerPerson": 4200000.0,
    "maxPeople": 45,
    "bookedPeople": 5,
    "startDate": "2026-01-10",
    "endDate": "2026-01-15",
    "status": "Đang diễn ra"
  },
  {
    "tourID": "T003",
    "description": "Nghỉ dưỡng thiên đường đảo ngọc Phú Quốc, ngắm hoàng hôn tại Sunset Sanato.",
    "departurePoint": "Hà Nội",
    "pricePerPerson": 6000000.0,
    "maxPeople": 20,
    "bookedPeople": 20,
    "startDate": "2025-01-01",
    "endDate": "2025-01-05",
    "status": "Đã kết thúc"
  }
]