[
  {
    "bookingID": "B001",
    "customerID": "C001",
    "tourID": "T001",
    "numberOfPeople": 2,
    "bookingDate": "2024-01-15",
    "createdBy": "SALE01",
    "totalAmount": 5000000.0,
    "debtAmount": 0.0,
    "status": "Đã thanh toán",
    "isCancelled": false,
    "cancelledAt": null,
    "cancellationReason": null,
    "cancellationPenalty": 0.0,
    "refundAmount": 0.0
  },
  {
    "bookingID": "B002",
    "customerID": "C002",
    "tourID": "T002",
    "numberOfPeople": 4,
    "bookingDate": "2024-02-01",
    "createdBy": "SALE02",
    "totalAmount": 12000000.0,
    "debtAmount": 8000000.0,
    "status": "Đã đặt cọc",
    "isCancelled": false,
    "cancelledAt": null,
    "cancellationReason": null,
    "cancellationPenalty": 0.0,
    "refundAmount": 0.0
  },
  {
    "bookingID": "B003",
    "customerID": "C003",
    "tourID": "T001",
    "numberOfPeople": 1,
    "bookingDate": "2024-02-10",
    "createdBy": "SALE01",
    "totalAmount": 2500000.0,
    "debtAmount": 2500000.0,
    "status": "Đang khởi tạo",
    "isCancelled": false,
    "cancelledAt": null,
    "cancellationReason": null,
    "cancellationPenalty": 0.0,
    "refundAmount": 0.0
  },
  {
    "bookingID": "B004",
    "customerID": "C004",
    "tourID": "T003",
    "numberOfPeople": 2,
    "bookingDate": "2024-01-20",
    "createdBy": "SALE03",
    "totalAmount": 6000000.0,
    "debtAmount": 0.0,
    "status": "Đã hủy",
    "isCancelled": true,
    "cancelledAt": "2024-01-25",
    "cancellationReason": "Khách có việc đột xuất",
    "cancellationPenalty": 600000.0,
    "refundAmount": 5400000.0
  }
]